,1X,1Y,2X,2Y,3X,3Y,4X,4Y,5X,5Y,6X,6Y,7X,7Y,8X,8Y,9X,9Y,10X,10Y,11X,11Y,12X,12Y,truth_value
0,170,61,169,68,169,76,169,83,171,91,174,98,178,105,183,110,191,112,199,113,208,110,215,106,0
1,169,59,168,66,168,74,169,82,171,90,174,98,177,104,183,109,190,112,199,112,207,109,215,105,0
2,170,58,169,66,168,74,169,81,171,90,173,98,177,105,183,110,190,112,199,112,207,110,215,105,0
3,169,60,168,67,168,75,169,83,171,91,174,98,178,105,183,110,191,113,200,113,208,110,216,105,0
4,167,59,166,67,166,75,167,83,169,91,173,99,177,105,183,111,192,113,200,113,208,110,216,105,0
5,195,79,195,87,195,95,197,103,200,111,204,118,210,124,216,128,223,130,231,129,239,125,246,121,1
6,196,80,196,89,196,97,198,106,200,114,204,122,209,129,215,134,223,136,232,136,240,132,249,127,1
7,196,78,196,87,196,95,198,103,200,111,204,119,209,125,215,129,222,131,230,131,239,127,247,122,1
8,196,79,196,87,197,95,198,103,200,111,204,119,209,125,215,129,222,131,231,130,239,127,247,122,1
9,196,83,196,91,196,99,198,107,200,116,204,123,209,130,215,135,223,137,232,136,241,133,249,128,1
10,196,79,195,87,196,95,198,103,200,111,204,119,209,125,215,129,222,131,231,131,239,127,247,122,1
11,197,79,196,87,197,95,199,103,201,111,205,119,210,125,215,129,223,131,231,130,239,127,247,122,1
12,195,76,195,85,196,93,197,102,199,110,203,118,208,124,214,128,222,130,231,130,239,127,247,121,1
13,197,79,197,87,197,95,199,103,201,111,205,119,210,125,215,129,223,131,231,131,240,127,248,122,1
14,195,81,195,89,195,98,197,107,199,115,203,123,209,130,215,135,223,138,232,137,241,133,249,128,1
15,196,77,196,85,196,93,198,102,200,110,203,117,208,123,214,128,222,130,231,130,239,126,247,122,1
16,196,77,196,86,196,94,198,102,200,110,204,118,209,124,215,128,222,130,231,129,239,126,247,121,1
17,195,75,195,84,195,93,197,101,200,110,204,118,209,124,216,128,223,130,232,129,240,125,247,120,1
18,193,76,193,84,194,93,196,102,199,110,204,118,209,123,216,127,224,129,232,128,240,124,247,119,1
19,193,75,193,84,194,93,196,102,199,110,204,117,210,123,217,126,225,128,233,127,241,123,248,118,1
20,194,75,194,84,195,92,197,101,200,109,205,117,211,122,217,127,225,128,233,127,241,123,248,118,1
21,194,75,194,84,195,93,196,101,199,110,204,117,210,123,216,127,224,129,233,128,240,124,247,118,1
22,196,77,196,85,197,94,198,102,201,110,206,118,211,123,217,127,224,129,233,128,241,125,248,120,1
23,196,79,196,87,197,95,198,103,201,111,205,119,210,124,217,129,224,130,233,129,241,125,248,120,1
24,180,69,179,78,179,86,181,95,184,104,189,112,196,117,204,122,212,124,221,124,230,120,239,115,0
25,179,68,179,77,179,85,180,94,183,103,189,111,196,117,203,122,212,124,221,124,230,120,239,115,0
26,179,67,179,76,179,85,180,94,183,102,188,110,195,116,203,120,211,122,220,122,230,119,238,114,0
27,178,68,177,77,177,85,179,95,182,103,188,111,195,116,203,120,211,122,220,121,229,118,238,113,0
28,178,67,178,76,178,84,180,93,183,102,189,110,196,115,204,120,212,122,221,121,230,117,238,112,0
29,178,67,177,76,178,85,179,94,183,103,188,111,196,117,203,122,212,124,221,123,230,119,238,113,0
30,178,67,178,76,178,84,179,94,182,103,188,111,195,117,203,122,211,124,221,123,230,119,239,114,0
31,178,67,178,76,178,85,179,94,183,102,188,110,196,116,204,121,212,122,221,121,230,118,238,112,0
32,176,68,176,77,177,85,178,94,181,103,187,110,195,115,203,119,212,120,221,120,230,117,238,112,0
33,177,65,177,74,177,82,178,91,182,99,187,107,195,112,202,117,210,119,219,119,228,115,236,110,0
34,178,63,178,72,178,80,179,89,182,98,188,105,195,111,202,116,209,119,219,119,228,116,237,111,0
35,178,64,178,72,178,81,179,89,182,98,187,105,194,111,201,116,209,118,218,118,228,115,236,110,0
36,176,62,175,71,175,79,177,88,180,98,185,105,192,112,199,117,208,119,217,119,227,116,235,111,0
37,176,64,176,72,176,81,177,89,180,98,185,105,192,111,199,115,207,118,217,119,226,116,235,112,0
38,177,64,176,73,176,81,177,90,180,98,185,106,192,112,199,116,208,118,217,119,227,116,235,111,0
39,176,63,176,72,176,81,177,90,180,99,185,106,192,112,199,117,207,119,216,119,226,116,235,112,0
40,177,65,177,74,177,82,178,91,181,100,186,108,193,113,200,118,209,120,218,120,227,118,236,113,0
41,176,65,176,74,176,83,177,92,181,100,186,108,193,113,200,118,209,120,218,120,227,117,236,112,0
42,177,65,177,74,177,82,178,91,181,100,186,108,193,114,200,119,208,121,218,121,227,118,236,113,0
43,178,67,177,75,177,83,178,92,180,101,185,109,192,115,199,120,208,122,217,123,227,120,237,115,0
44,178,65,177,73,177,82,178,91,181,100,186,107,193,113,200,118,208,120,218,121,227,118,236,113,0
45,177,65,176,74,176,83,178,92,181,100,187,108,193,113,200,118,209,120,218,120,227,118,235,113,0
46,178,64,178,72,177,80,179,89,182,97,187,105,193,111,199,115,207,118,216,118,225,115,234,110,0
47,171,63,171,72,171,81,173,90,176,98,181,105,189,111,196,116,205,118,214,117,223,114,232,109,0
48,170,60,170,70,170,79,171,88,175,97,181,105,188,111,196,115,204,117,214,116,222,113,231,107,0
49,170,61,170,70,170,79,171,88,175,97,181,105,188,111,195,115,203,117,213,117,222,113,230,108,0
50,171,62,171,71,171,80,172,89,176,97,182,105,189,110,196,115,204,117,213,116,222,113,230,108,0
51,171,62,171,71,171,80,172,89,176,97,181,105,188,111,196,116,204,118,213,117,222,114,231,109,0
52,172,61,172,70,171,79,173,88,176,97,182,105,188,111,195,116,203,118,213,118,222,114,231,109,0
53,170,62,170,71,170,80,171,90,175,98,181,106,188,112,195,117,203,119,213,118,222,115,231,109,0
54,170,61,170,70,170,79,172,88,175,97,181,105,188,111,195,116,203,118,213,117,222,114,230,108,0
55,171,62,170,71,170,80,172,89,175,97,181,105,188,111,195,115,203,118,212,117,221,114,230,109,0
56,172,61,171,70,171,79,172,88,176,97,182,105,188,111,195,116,203,118,212,118,221,114,230,109,0
57,171,61,171,70,170,79,171,88,175,96,180,104,187,111,194,116,202,118,212,118,221,114,230,109,0
58,171,61,171,70,171,79,172,88,175,97,181,105,188,111,195,116,203,118,213,117,222,114,230,109,0
59,171,60,171,69,171,79,172,88,175,97,181,104,187,110,194,115,202,118,211,117,221,114,229,109,0
60,171,59,171,69,170,78,171,87,174,96,180,104,186,110,193,115,202,118,211,118,220,114,229,109,0
61,171,60,171,69,171,78,172,88,175,97,180,104,187,111,194,116,202,118,211,118,221,114,229,109,0
62,171,60,171,69,171,78,172,87,175,96,180,104,187,110,194,115,202,117,211,117,221,114,229,109,0
63,172,62,171,71,171,80,172,89,175,98,180,106,187,112,194,117,203,119,213,119,222,115,231,110,0
64,170,62,170,71,170,80,171,89,174,98,180,106,187,112,195,117,203,119,213,119,222,115,231,110,0
65,170,63,170,72,170,81,171,91,175,100,180,107,188,113,196,117,204,119,213,119,222,115,231,110,0
66,171,65,171,74,171,82,172,91,175,100,181,108,188,113,196,117,204,119,213,119,222,116,231,111,0
67,171,64,171,73,171,81,172,90,175,99,181,107,189,113,197,117,205,119,215,119,224,115,232,110,0
68,170,62,170,72,170,80,171,89,175,98,180,106,188,112,195,116,203,119,213,118,221,114,230,109,0
69,171,63,170,72,170,81,171,90,174,99,180,106,187,112,194,117,203,120,212,119,221,116,230,111,0
70,171,61,170,70,169,79,170,88,173,97,177,105,184,111,191,116,199,119,208,119,218,116,227,111,0
71,172,61,171,70,171,79,172,88,175,97,180,105,187,111,194,115,203,118,212,117,221,114,229,109,0
72,171,60,171,69,171,78,172,88,175,96,180,104,187,110,195,114,203,117,212,116,221,113,230,108,0
73,171,63,171,72,171,80,172,90,175,99,180,107,187,113,195,117,204,120,214,119,223,116,232,110,0
74,173,67,172,76,172,85,173,94,176,103,182,111,189,116,197,121,205,123,215,123,225,120,234,115,0
75,172,66,172,75,172,84,173,93,176,102,182,110,189,116,197,120,206,122,215,122,225,118,234,113,0
76,162,111,162,119,162,126,163,134,165,142,169,149,173,155,180,159,189,161,198,160,204,157,209,151,1
77,162,110,162,118,162,126,163,134,165,142,169,148,174,155,181,159,190,160,199,160,205,156,210,150,1
78,161,110,162,118,162,126,163,134,165,142,169,149,174,155,181,159,190,161,199,160,206,156,210,150,1
79,162,110,162,118,162,125,163,133,165,141,169,148,174,154,181,159,190,160,199,160,206,156,210,150,1
80,162,109,162,117,162,125,163,133,165,141,169,148,174,154,181,159,190,160,199,159,206,156,211,150,1
81,162,109,161,117,162,125,163,133,165,141,169,148,174,154,181,159,190,160,199,160,206,156,210,150,1
82,162,109,162,117,162,125,163,133,165,141,169,148,174,154,181,158,190,160,199,159,206,155,210,150,1
83,161,109,161,117,161,125,162,133,164,140,168,147,173,154,180,158,189,160,198,159,205,156,209,150,1
84,161,109,161,118,161,125,162,133,164,141,168,148,173,154,180,158,189,160,198,159,205,155,210,149,1
85,160,110,160,118,160,126,161,134,164,141,167,148,173,154,180,158,188,160,197,160,204,156,209,151,1
86,160,110,160,118,160,126,161,134,163,141,167,148,172,154,179,158,188,160,197,160,204,156,209,151,1
87,159,110,159,118,160,126,161,134,163,142,167,149,172,155,179,160,187,161,196,161,203,157,208,152,1
88,160,110,160,118,160,126,161,134,163,142,167,149,171,155,178,160,187,162,195,161,202,158,207,152,1
89,160,109,159,117,160,125,161,133,163,141,166,149,171,155,178,160,187,162,196,161,203,157,208,151,1
90,160,110,160,118,160,126,161,134,163,142,167,149,172,155,178,160,187,162,196,161,203,157,208,151,1
91,160,110,160,118,160,126,161,134,163,142,167,149,172,155,179,159,188,161,197,160,203,156,208,151,1
92,160,109,160,117,160,125,161,133,164,141,168,148,173,154,179,159,188,160,197,160,204,156,209,150,1
93,160,109,160,117,161,125,162,133,164,141,168,148,173,155,180,159,189,161,198,160,204,156,209,150,1
94,161,109,161,117,161,125,163,133,165,141,169,148,174,154,181,158,189,160,198,159,205,155,209,149,1
95,161,109,160,117,161,125,162,133,165,141,169,148,174,155,181,159,190,160,199,160,206,156,210,150,1
96,161,110,161,118,162,126,163,134,165,142,169,149,174,155,181,159,190,161,199,160,206,156,210,150,1
97,161,110,161,118,161,126,163,134,165,141,169,148,174,154,181,159,190,161,199,160,206,156,211,150,1
98,161,109,161,118,162,126,163,134,166,142,170,149,174,155,181,159,191,161,200,160,207,156,211,150,1
99,162,110,162,118,162,126,164,134,166,142,170,149,175,155,182,159,191,161,200,160,206,156,211,150,1
100,162,110,162,118,162,126,164,134,166,142,169,149,174,155,181,160,191,161,200,160,207,156,211,150,1
101,162,110,162,118,162,126,163,134,166,142,169,149,174,155,181,160,190,162,199,161,206,157,210,151,1
102,161,109,161,117,162,125,163,133,165,141,169,148,174,155,181,159,190,161,199,161,206,156,211,150,1
103,162,109,161,117,162,125,163,133,165,141,169,148,174,155,181,160,190,161,199,161,206,156,210,150,1
104,162,110,162,118,162,126,164,134,166,142,169,149,175,156,182,160,191,162,200,161,206,157,211,151,1
105,162,110,162,118,162,126,163,134,166,141,169,149,174,155,181,160,190,161,199,161,206,157,211,151,1
106,162,109,162,117,162,125,164,133,166,141,169,148,174,155,181,160,190,162,199,161,206,156,211,150,1
107,162,109,162,118,162,126,164,134,166,142,170,149,175,155,182,160,191,162,200,161,207,157,211,151,1
108,163,109,163,117,163,125,164,133,167,141,171,149,176,155,183,160,192,162,201,161,207,156,212,150,1
109,163,108,163,117,163,125,164,133,167,141,170,149,175,155,182,160,191,162,200,161,207,157,211,151,1
110,163,109,163,117,163,125,165,134,167,142,171,149,176,156,184,160,193,162,202,161,208,157,213,150,1
111,164,109,164,117,164,125,165,133,167,141,171,149,176,155,183,160,192,161,201,161,208,157,212,150,1
112,164,109,164,117,164,125,166,133,168,141,171,149,176,155,184,160,194,162,203,161,209,156,213,150,1
113,164,108,164,117,164,125,166,134,168,142,172,149,177,156,184,160,193,162,202,161,209,157,213,151,1
114,164,108,164,116,165,125,166,133,168,141,172,149,177,155,185,160,194,161,203,160,210,156,214,150,1
115,164,108,164,117,165,125,166,133,168,141,172,149,177,155,184,160,194,161,203,161,210,157,214,151,1
116,164,107,164,116,165,124,166,132,168,140,171,148,177,155,184,159,194,161,203,160,210,156,214,150,1
117,164,108,164,117,165,125,166,134,168,142,172,149,177,156,185,160,194,162,204,161,211,156,215,150,1
118,164,108,164,116,164,125,166,133,168,141,171,149,177,155,185,160,194,161,203,160,210,156,214,150,1
119,164,108,164,117,164,125,165,134,168,142,171,149,176,156,184,160,193,162,202,161,209,157,213,151,1
120,164,108,163,117,164,125,165,133,167,141,170,149,176,155,183,160,193,162,202,161,209,157,213,150,1
121,164,109,163,117,164,125,165,134,167,142,171,149,176,156,183,161,193,162,202,161,209,157,213,151,1
122,163,108,163,116,163,124,165,132,167,141,170,148,175,155,183,160,192,162,201,161,208,157,213,150,1
123,163,108,163,116,163,125,165,133,167,141,170,148,175,155,182,160,191,161,201,161,208,156,213,150,1
124,163,108,163,116,163,124,164,132,166,140,170,148,175,155,182,160,192,162,201,161,208,157,212,150,1
125,163,108,163,117,163,125,164,133,166,140,169,148,174,155,182,160,191,161,201,160,208,156,212,150,1
126,163,108,163,116,163,125,164,133,166,141,170,148,175,155,182,160,192,162,201,161,208,157,213,150,1
127,162,109,162,118,162,126,164,134,166,142,170,149,175,156,182,160,191,162,200,161,207,157,212,151,1
128,163,108,163,117,163,125,164,133,166,141,170,149,175,156,182,160,191,162,201,161,207,157,212,150,1
129,163,109,163,117,163,125,164,133,166,141,170,149,175,156,182,161,191,162,200,161,207,157,212,150,1
130,163,109,162,117,163,125,164,134,166,142,170,149,175,156,182,160,191,162,201,161,208,157,213,150,1
131,163,108,163,117,163,125,164,133,166,141,170,149,175,155,182,160,191,162,200,161,207,157,212,150,1
132,163,108,163,116,163,124,164,132,166,140,170,147,175,154,182,160,191,162,201,161,208,156,213,150,1
133,163,108,163,117,163,125,164,133,167,141,170,149,175,155,182,160,192,162,201,161,208,156,213,150,1
134,164,109,164,117,164,125,165,133,167,141,171,148,176,155,183,160,192,162,201,161,208,157,213,150,1
135,164,109,164,117,164,125,165,133,167,141,171,149,176,155,183,160,193,162,202,161,209,156,214,150,1
136,164,108,164,116,164,125,165,133,167,141,171,148,176,155,183,160,192,162,201,161,208,157,213,150,1
137,164,109,164,117,164,125,166,133,168,141,172,149,176,155,184,160,193,162,202,161,209,157,214,150,1
138,164,108,164,117,164,125,166,133,168,141,171,149,176,155,184,160,193,162,203,161,209,157,214,150,1
139,164,108,164,116,164,125,166,133,168,141,171,149,177,155,184,160,193,162,203,161,210,156,214,150,1
140,164,109,164,117,165,125,166,133,168,141,172,149,177,155,184,160,193,162,203,161,209,157,214,150,1
141,164,108,164,117,165,125,166,133,168,141,171,148,176,155,183,159,193,161,202,161,209,156,214,150,1
142,164,109,164,117,164,125,166,133,167,141,171,149,176,155,183,160,192,162,202,161,209,157,214,151,1
143,164,109,164,118,164,126,166,134,167,141,171,149,176,155,183,160,192,162,201,162,208,157,213,151,1
144,164,107,163,116,164,124,165,132,167,141,170,149,175,155,182,160,192,162,201,161,208,157,213,151,1
145,164,108,164,116,164,125,165,133,167,141,170,148,175,155,182,160,191,161,200,161,207,157,213,151,1
146,163,108,163,117,163,125,165,133,166,141,170,149,175,155,182,160,191,162,200,161,208,157,213,151,1
147,164,108,163,117,164,125,165,133,167,141,170,148,175,155,182,160,191,162,201,161,208,157,213,151,1
148,164,109,163,117,164,125,165,133,167,141,170,148,175,155,182,160,191,162,200,161,208,157,213,151,1
149,164,109,163,117,164,125,165,133,167,140,171,148,176,154,183,159,192,160,201,160,208,156,213,150,1
150,163,109,163,117,164,125,165,133,167,140,171,148,176,154,183,159,192,160,202,160,209,156,214,150,1
151,163,109,163,117,164,125,165,133,167,141,171,149,176,155,183,160,192,161,202,160,209,156,214,150,1
152,164,109,164,117,164,125,165,133,167,141,171,148,176,155,183,159,192,161,202,160,209,156,214,150,1
153,164,108,163,116,164,123,165,131,166,140,170,147,175,154,183,159,192,160,202,159,209,155,214,149,1
154,164,108,163,116,164,125,165,133,167,141,171,148,176,154,183,159,193,160,202,160,209,156,214,149,1
155,164,107,163,116,164,124,165,132,167,140,170,147,175,154,182,159,191,161,201,160,208,156,213,150,1
156,164,108,163,116,164,124,165,132,167,140,171,148,175,154,182,159,192,161,201,160,209,156,214,150,1
157,164,108,163,116,164,124,165,132,167,140,170,148,176,154,183,159,192,161,202,160,209,156,214,149,1
158,163,108,163,116,163,124,164,133,167,141,170,148,175,154,182,159,192,161,201,160,208,156,213,150,1
159,164,107,163,116,164,124,165,132,167,140,170,147,175,154,182,159,192,161,201,160,208,156,213,150,1
160,163,108,163,116,163,124,165,132,167,140,170,148,175,155,183,159,192,161,201,160,208,156,213,150,1
161,163,108,163,116,163,124,164,132,166,140,170,148,175,154,182,159,191,161,200,160,207,156,213,150,1
162,163,109,163,117,163,125,165,133,167,141,170,148,175,155,182,159,191,161,201,160,208,156,213,150,1
163,163,108,163,116,163,124,164,132,166,140,170,147,175,154,182,159,191,160,201,160,208,156,213,150,1
164,163,109,163,117,163,125,164,133,167,141,170,148,175,154,182,159,192,160,201,159,209,156,213,149,1
165,163,109,163,117,163,125,165,133,167,141,170,148,175,154,182,158,192,160,201,160,209,156,213,150,1
166,163,109,163,117,163,125,164,133,166,141,170,148,175,154,182,158,192,160,201,159,208,155,213,149,1
167,163,108,163,116,163,124,164,132,167,140,170,148,175,154,182,159,192,160,201,159,208,155,213,149,1
168,163,109,163,117,163,125,165,133,167,141,171,149,176,155,183,159,192,161,201,160,208,156,213,149,1
169,163,109,163,117,163,125,164,133,167,141,170,149,175,155,183,160,192,161,202,160,209,156,213,150,1
170,163,109,163,118,163,126,165,134,167,142,171,149,176,155,183,160,193,161,202,160,209,156,213,149,1
171,162,109,162,118,163,126,164,134,167,141,171,149,176,155,183,159,192,161,201,160,208,156,213,150,1
172,162,108,162,117,163,125,164,133,167,141,170,149,175,155,183,159,192,161,201,161,208,156,213,150,1
173,162,108,162,117,163,125,164,133,167,142,171,149,176,155,183,160,193,161,202,160,209,156,214,149,1
174,163,109,162,117,163,126,164,134,167,142,171,149,176,155,183,160,193,161,203,160,210,156,214,149,1
175,162,109,162,117,163,125,164,134,167,142,171,149,176,156,184,160,193,161,203,160,210,156,214,149,1
176,162,108,162,117,163,125,164,133,167,141,171,149,176,155,184,159,193,161,203,160,209,156,214,149,1
177,162,109,162,118,163,126,164,134,167,142,171,149,176,155,183,160,193,161,202,160,209,156,214,150,1
178,162,109,162,118,163,126,164,134,167,142,171,149,176,156,184,160,193,161,203,160,210,156,214,149,1
179,163,109,163,117,163,125,164,134,167,141,171,149,176,155,184,160,193,161,202,160,209,155,214,149,1
180,162,109,163,118,163,126,165,134,167,142,171,149,176,155,184,160,193,161,202,160,209,156,214,149,1
181,163,109,163,118,163,126,165,134,167,141,171,149,177,155,184,160,193,161,202,160,209,155,214,149,1
182,163,109,163,117,163,125,165,133,167,141,171,149,176,155,184,160,193,161,202,160,209,156,214,149,1
183,163,110,163,118,164,126,165,134,168,142,172,149,177,155,184,159,193,161,202,160,210,156,214,149,1
184,163,109,163,117,163,126,165,134,167,142,171,149,177,155,184,159,194,161,203,160,210,155,214,149,1
185,163,108,163,116,163,125,165,133,167,141,171,148,176,154,184,159,193,160,203,160,210,155,215,149,1
186,163,109,163,117,163,126,165,134,167,142,171,149,176,155,184,159,193,160,203,160,209,155,214,149,1
187,163,110,163,118,163,126,165,134,167,142,171,149,176,155,184,159,193,161,203,160,210,156,214,150,1
188,163,109,163,117,163,125,165,134,167,141,171,149,176,155,184,159,193,160,202,160,209,156,214,150,1
189,163,110,163,118,163,126,165,134,167,142,171,149,176,155,184,159,193,160,202,159,209,155,214,149,1
190,163,110,163,119,163,127,165,134,167,142,171,149,176,155,184,159,193,160,202,159,209,155,214,149,1
191,162,109,162,118,163,126,165,134,167,142,171,149,176,155,184,159,193,160,202,159,209,155,214,149,1
192,163,110,163,118,163,126,165,134,167,141,171,148,176,154,184,159,193,160,202,159,210,155,214,149,1
193,162,109,163,117,163,125,165,133,167,141,171,148,176,154,184,158,193,160,202,159,209,155,214,149,1
194,162,108,163,117,163,125,165,133,167,140,170,148,176,154,183,158,193,160,202,159,209,155,214,148,1
195,162,108,162,117,163,124,164,132,166,140,170,147,175,153,183,158,193,159,202,158,209,154,214,148,1
196,162,109,162,117,163,125,164,133,166,141,170,148,176,154,184,158,193,159,202,159,209,155,214,149,1
197,163,108,163,117,163,125,164,133,166,141,170,148,176,154,183,158,193,160,202,159,209,155,214,148,1
198,162,109,162,117,162,125,164,134,166,141,170,148,175,154,183,158,192,160,201,159,209,155,214,149,1
199,163,110,163,118,163,126,165,134,167,141,171,149,176,155,184,159,193,160,202,159,209,155,214,149,1
200,163,110,163,118,163,126,165,134,167,141,171,148,176,155,184,159,193,160,202,159,209,155,214,149,1
201,162,109,162,117,163,125,164,133,166,141,170,148,176,154,183,158,193,160,202,159,209,155,214,149,1
202,163,109,163,118,163,126,165,134,167,142,171,149,177,155,184,159,194,160,203,159,210,155,214,149,1
203,163,110,163,118,163,126,165,134,167,142,171,149,176,155,184,158,193,160,202,159,209,155,214,149,1
204,163,109,163,117,163,125,165,134,167,142,171,149,176,154,184,158,193,160,202,159,209,155,214,149,1
205,163,109,163,117,163,125,165,133,167,141,171,148,176,154,184,158,193,159,202,158,210,155,214,149,1
206,163,109,163,117,163,125,165,133,167,141,171,148,176,154,184,158,194,159,203,159,210,155,214,149,1
207,163,109,163,117,163,125,164,133,166,141,170,148,176,154,184,157,193,159,202,158,209,154,214,148,1
208,162,109,162,117,163,125,165,133,167,141,171,148,176,154,184,158,193,159,202,159,209,155,214,149,1
209,162,109,162,117,163,125,164,133,166,141,170,148,176,154,184,158,193,159,202,159,209,155,214,149,1
210,163,109,162,117,163,125,164,133,167,141,171,148,176,154,184,158,193,159,202,159,209,154,214,148,1
211,163,133,163,141,164,147,165,154,167,161,171,166,177,170,184,173,192,174,199,173,204,170,208,165,0
212,163,132,163,139,163,146,165,153,167,160,171,166,176,170,183,173,191,174,199,173,204,170,207,165,0
213,162,132,163,139,164,146,165,153,167,160,171,165,177,170,184,172,192,173,199,172,204,170,208,165,0
214,163,131,163,139,163,146,165,153,167,160,171,166,177,171,184,174,192,174,199,173,205,170,208,164,0
215,163,133,163,140,163,147,165,154,168,161,171,166,177,170,183,173,191,174,199,173,204,170,207,165,0
216,163,132,163,140,164,146,165,153,167,160,171,166,176,170,183,173,191,174,198,173,204,170,207,165,0
217,163,133,163,141,164,148,165,155,168,161,171,167,176,172,183,174,191,175,198,174,204,171,207,166,0
218,163,131,163,138,163,145,165,153,167,160,170,166,176,170,182,173,191,174,198,173,204,171,207,166,0
219,163,131,163,139,163,146,165,153,167,160,171,166,176,170,182,173,191,174,198,174,204,170,207,166,0
220,162,133,163,140,163,147,165,154,167,160,171,165,176,169,183,172,191,173,199,173,204,170,208,165,0
221,163,133,163,140,164,147,165,154,167,160,171,166,176,170,183,173,191,174,198,174,204,171,207,166,0
222,163,132,163,139,163,145,164,153,166,159,170,165,176,170,183,173,191,174,199,173,204,170,208,165,0
223,163,132,163,139,163,146,164,153,166,159,170,165,175,170,182,173,190,174,198,173,204,170,207,165,0
224,163,132,163,140,163,146,165,153,167,160,170,166,175,170,182,173,191,174,198,174,204,171,207,166,0
225,163,133,163,140,164,147,165,153,168,160,171,166,176,170,183,173,192,173,199,173,204,169,208,165,0
226,163,132,163,139,163,146,165,153,167,160,171,166,175,171,182,174,191,174,198,174,204,171,207,166,0
227,163,132,163,140,164,147,165,154,167,160,171,166,176,170,182,173,190,174,198,173,204,170,207,165,0
228,164,132,164,140,164,147,166,154,168,160,171,166,176,171,182,173,191,174,198,174,204,171,207,166,0
229,163,131,163,139,164,146,165,153,167,160,170,165,175,170,182,173,190,174,198,173,203,170,207,165,0
230,163,132,163,139,164,146,165,153,167,160,171,166,176,170,183,173,191,174,198,173,204,170,207,165,0
231,163,131,164,138,164,145,165,152,167,158,170,165,175,169,182,172,190,174,198,173,204,170,208,165,0
232,163,131,163,138,164,145,165,152,167,159,171,165,176,170,183,173,191,174,199,174,205,171,208,165,0
233,163,132,163,139,164,146,165,153,168,160,172,166,177,171,183,174,191,176,199,175,204,171,208,165,0
234,163,131,163,139,164,145,164,152,166,159,170,166,175,171,182,174,190,175,198,175,204,172,207,166,0
235,163,132,164,140,164,146,165,153,167,160,170,167,175,172,182,175,190,176,198,175,204,172,207,167,0
236,163,133,164,140,164,147,165,154,167,160,170,166,175,171,182,174,190,175,198,174,204,172,207,166,0
237,163,132,163,140,163,146,165,153,167,160,171,166,176,171,182,174,190,175,198,175,204,171,208,166,0
238,163,132,164,140,164,146,165,153,167,160,170,166,175,171,182,174,190,175,197,174,203,171,207,166,0
239,164,131,164,138,164,144,164,151,166,158,169,165,174,170,181,173,189,175,198,174,204,171,208,166,0
240,163,132,163,138,164,145,165,152,167,159,170,165,174,170,181,173,189,175,197,174,203,171,207,166,0
241,163,130,163,137,164,144,165,151,166,157,169,164,174,169,181,172,189,173,198,173,204,170,208,164,0
242,163,131,163,138,164,144,164,151,166,158,169,164,174,169,181,172,189,173,197,173,203,170,207,165,0
243,163,131,164,138,164,144,165,151,166,157,169,163,174,169,181,172,189,174,197,174,203,170,207,165,0
244,163,130,163,138,163,144,164,152,167,158,170,165,175,170,182,173,190,174,198,173,204,170,207,164,0
245,163,129,163,136,164,143,165,151,166,158,170,164,175,169,182,173,190,174,198,173,204,170,208,164,0
246,163,130,163,137,163,144,164,151,166,157,170,164,175,169,182,172,190,173,198,173,204,170,207,164,0
247,163,130,163,137,164,144,165,150,166,157,170,163,175,168,182,171,190,173,198,172,204,169,208,164,0
248,163,130,163,137,164,144,165,150,167,157,170,163,174,168,181,171,190,172,198,172,204,169,208,164,0
249,163,130,163,137,164,144,165,150,167,157,170,163,175,168,182,171,190,172,199,172,205,169,208,163,0
250,163,130,163,137,164,143,165,150,167,157,170,163,175,168,181,171,190,172,198,172,204,169,208,164,0
251,163,129,163,136,164,143,165,150,167,157,170,163,175,168,182,171,191,172,198,172,204,169,208,164,0
252,164,129,164,137,165,143,166,150,168,157,171,163,176,168,182,171,190,172,198,172,204,169,208,164,0
253,164,130,164,137,165,144,166,151,168,157,171,163,176,168,183,171,190,172,198,171,204,169,208,164,0
254,164,130,164,137,165,143,166,150,168,156,171,162,176,167,182,170,191,171,199,171,205,168,209,163,0
255,165,130,165,137,165,143,166,150,168,156,171,162,175,167,182,170,190,172,199,171,205,169,209,164,0
256,165,129,165,137,165,143,167,150,169,157,172,163,176,168,183,172,191,173,198,172,205,169,209,164,0
257,165,129,165,136,166,142,166,149,168,156,171,162,176,167,182,170,191,171,199,171,206,168,210,163,0
258,165,130,165,136,166,143,166,150,168,156,171,162,176,167,183,171,191,172,199,172,206,168,210,163,0
259,165,130,166,136,166,142,167,149,169,156,172,162,176,167,183,170,191,172,200,171,206,168,210,163,0
260,166,129,166,136,166,143,167,150,169,156,172,162,177,167,184,170,192,172,201,171,207,168,210,163,0
261,166,131,166,138,166,144,168,150,169,157,173,163,177,168,184,171,192,172,201,172,207,169,211,164,0
262,166,130,166,137,167,143,168,150,169,157,173,163,177,168,184,171,193,172,201,172,208,168,211,163,0
263,165,130,166,137,166,144,167,150,169,157,173,163,178,167,185,171,193,172,202,171,208,168,211,163,0
264,165,131,166,138,166,144,167,151,169,157,173,163,178,168,185,171,193,173,202,172,207,169,211,163,0
265,166,130,166,137,167,144,168,151,170,157,173,164,178,169,185,172,193,173,201,172,207,169,211,164,0
266,166,129,167,136,167,143,168,150,170,157,173,163,179,168,186,171,194,172,202,171,208,168,212,162,0
267,166,130,166,136,167,143,168,150,170,156,173,163,178,168,185,171,193,172,202,172,208,169,212,163,0
268,166,129,167,136,167,143,168,150,170,157,174,163,179,168,186,171,194,172,202,172,208,168,212,163,0
269,166,130,167,137,167,144,169,150,170,157,174,162,179,167,186,171,194,172,202,171,208,168,212,163,0
270,166,129,167,136,167,143,168,149,170,156,174,162,179,167,186,170,194,172,202,171,208,168,212,163,0
271,166,129,166,136,167,143,168,150,170,156,174,162,179,167,186,170,194,171,203,171,209,168,212,163,0
272,166,129,166,136,167,142,168,149,170,156,174,162,179,167,186,170,194,172,203,171,209,168,213,162,0
273,166,128,167,135,167,142,168,149,170,156,173,162,178,167,186,170,194,171,203,170,209,167,213,162,0
274,166,129,167,136,167,143,169,150,171,157,174,163,179,168,186,170,195,171,203,171,209,168,213,162,0
275,166,128,167,135,167,142,168,149,170,155,174,162,178,167,186,170,194,172,203,171,209,168,213,162,0
276,166,128,166,135,167,142,168,149,170,155,173,162,178,167,185,170,194,172,202,171,209,168,212,162,0
277,166,129,166,136,167,143,168,150,170,156,174,162,179,167,186,171,195,172,203,172,209,168,213,162,0
278,166,129,166,136,167,142,168,149,170,156,174,162,179,167,186,170,195,172,203,171,209,168,213,162,0
279,166,129,166,136,167,143,168,150,170,157,174,163,179,168,187,170,195,171,204,171,209,168,213,162,0
280,166,129,166,136,167,143,168,150,170,157,174,163,180,168,187,171,196,172,204,171,209,168,213,162,0
281,166,128,166,135,167,142,168,149,170,156,174,162,179,168,186,171,195,172,204,171,210,168,213,162,0
282,166,129,167,136,167,142,169,149,171,156,174,162,179,167,187,171,195,172,204,171,210,167,213,162,0
283,166,129,166,136,167,143,168,150,170,156,174,163,180,168,187,171,196,172,204,171,210,167,213,162,0
284,166,129,166,136,167,143,168,150,171,157,175,163,180,168,187,171,196,172,204,171,210,167,213,162,0
285,165,129,165,136,166,143,167,150,169,157,173,163,178,168,186,171,195,172,203,171,209,168,212,162,0
286,166,128,166,135,166,142,168,149,170,156,173,163,179,168,186,171,195,173,203,171,209,168,213,161,0
287,165,128,165,136,166,143,167,150,169,157,173,163,178,168,185,171,194,172,202,172,208,168,212,162,0
288,165,129,165,136,166,143,167,150,169,157,173,163,178,168,186,171,195,172,203,171,209,167,213,162,0
289,154,114,154,122,155,130,156,138,158,146,162,152,168,158,175,162,185,163,194,162,201,159,205,153,1
290,154,114,154,123,155,131,157,138,159,146,163,152,168,158,176,161,185,163,194,162,201,159,205,153,1
291,154,113,154,121,155,129,156,137,158,145,162,152,167,158,175,162,184,163,193,162,200,159,205,153,1
292,154,113,154,122,155,130,156,138,159,145,162,152,167,158,175,162,184,163,193,162,200,159,205,153,1
293,154,113,154,121,155,129,156,137,158,144,162,152,167,157,175,161,184,163,193,162,200,158,205,153,1
294,154,114,154,122,155,129,156,137,158,145,162,152,167,157,175,161,184,163,193,162,200,158,205,152,1
295,154,114,154,122,155,129,156,137,158,145,163,151,168,157,176,161,185,162,194,161,201,157,205,152,1
296,154,113,154,121,155,129,156,136,159,144,163,151,168,156,176,160,185,162,194,161,200,157,205,152,1
297,154,113,155,121,155,129,157,137,159,144,163,150,168,156,176,160,185,161,194,160,201,157,205,151,1
298,155,112,155,120,155,128,157,136,159,144,163,151,168,157,176,160,185,162,194,161,201,157,206,151,1
299,154,111,155,120,155,128,157,136,159,143,163,150,169,156,176,160,185,161,195,161,202,157,206,151,1
300,155,112,155,121,156,128,157,136,159,144,163,151,169,156,176,160,186,162,195,161,202,157,206,152,1
301,155,111,155,119,155,127,157,136,159,144,163,151,169,157,177,161,186,162,195,161,202,158,206,152,1
302,154,112,155,120,155,128,157,135,159,143,163,150,168,156,176,160,185,162,194,161,201,157,206,151,1
303,155,112,155,120,155,128,157,136,159,144,163,151,168,156,176,160,185,162,194,161,201,157,206,152,1
304,155,111,155,120,155,128,157,136,159,144,163,151,169,157,177,161,186,162,195,161,202,157,206,151,1
305,154,111,154,119,155,127,157,135,159,143,163,150,169,156,176,160,185,162,195,161,202,157,206,151,1
306,155,111,155,120,156,128,157,136,159,143,163,150,168,156,176,160,185,162,194,161,201,157,206,152,1
307,155,111,155,120,155,128,157,136,159,144,163,151,169,156,177,160,186,161,195,161,201,157,206,151,1
308,155,112,155,120,155,128,157,136,159,143,163,150,169,156,176,160,185,161,194,161,201,156,206,151,1
309,155,111,155,119,155,127,157,135,159,143,163,150,169,156,176,160,185,162,195,161,201,157,206,151,1
310,155,111,155,119,156,127,157,135,159,143,163,150,169,156,176,160,185,161,195,161,201,157,206,151,1
311,155,111,155,119,155,127,157,135,159,143,163,150,169,156,176,160,186,161,195,161,201,157,206,151,1
312,155,111,155,120,156,127,157,135,159,143,163,150,168,156,176,160,185,161,194,160,201,157,206,151,1
313,154,112,155,120,155,129,157,136,159,144,163,151,169,156,177,160,186,161,195,161,202,157,206,151,1
314,155,112,155,120,155,128,157,136,159,143,163,150,169,156,177,160,186,161,195,161,202,157,207,151,1
315,155,112,155,120,155,128,157,136,159,143,163,150,169,156,176,160,186,161,195,161,202,157,206,151,1
316,155,112,155,120,156,128,157,136,159,143,163,150,169,156,177,160,186,161,195,161,202,157,207,151,1
317,155,112,155,120,155,128,157,136,159,144,163,150,169,156,176,160,185,161,194,161,201,157,206,151,1
318,155,111,155,120,155,128,157,136,159,143,163,150,169,156,177,159,186,161,195,160,202,157,206,151,1
319,155,111,155,120,156,128,157,136,159,144,163,151,169,157,177,160,186,162,195,161,202,157,206,151,1
320,155,111,155,119,155,128,157,136,159,144,163,151,169,157,177,160,186,161,195,161,202,157,206,151,1
321,155,112,155,120,155,128,157,136,159,144,163,151,169,156,176,160,186,162,195,161,202,157,206,151,1
322,155,111,155,120,156,128,157,136,159,144,163,151,169,157,177,161,186,162,195,161,202,157,206,151,1
323,155,111,155,119,155,127,157,136,159,144,163,151,169,156,176,160,185,162,195,161,201,157,206,151,1
324,155,111,155,119,155,127,157,135,159,143,163,151,169,157,176,161,186,162,195,161,202,157,206,151,1
325,155,111,154,119,155,127,156,135,158,143,162,150,168,156,175,160,185,162,194,161,201,157,205,151,1
326,155,110,155,118,155,127,156,135,158,143,163,151,168,157,176,161,185,162,195,161,202,157,206,151,1
327,155,111,155,119,155,127,156,136,158,144,162,151,168,157,175,161,185,162,194,161,201,157,206,152,1
328,154,111,154,119,155,127,156,135,158,143,162,150,168,156,176,160,185,162,194,161,201,157,206,151,1
329,154,111,154,119,155,127,156,135,158,143,162,150,168,156,175,160,185,162,194,161,201,157,205,151,1
330,154,110,154,119,154,127,156,136,158,144,162,151,168,157,175,161,185,162,194,161,201,158,205,152,1
331,154,111,154,119,155,127,156,135,158,143,162,150,167,157,175,161,184,162,194,161,201,158,205,152,1
332,154,112,154,120,155,128,156,136,158,144,162,151,167,157,175,161,184,162,193,162,200,158,205,152,1
333,154,112,154,120,154,128,156,136,158,144,162,151,167,157,174,161,184,163,193,162,200,158,205,152,1
334,154,111,154,120,154,127,156,136,158,144,162,151,167,157,175,161,184,162,194,162,201,158,205,152,1
335,153,112,154,120,154,128,156,136,158,144,162,151,167,157,175,162,185,163,194,162,201,158,205,152,1
336,154,112,154,120,154,128,156,136,158,144,162,151,168,157,175,161,184,163,194,162,201,158,205,153,1
337,154,111,154,119,154,127,156,136,158,144,162,151,167,157,175,161,184,163,194,162,201,158,206,152,1
338,154,112,154,120,155,129,156,137,158,145,162,152,167,158,175,162,184,163,194,162,201,159,206,153,1
339,154,112,154,120,155,128,156,136,158,144,162,151,167,157,175,161,185,163,194,162,201,158,206,152,1
340,154,111,154,120,155,128,156,136,158,144,162,151,167,157,175,161,185,163,194,162,201,158,206,152,1
341,155,113,155,121,155,129,157,137,159,145,163,151,168,157,175,161,184,163,194,162,200,159,205,153,1
342,154,112,154,120,155,128,156,136,158,144,162,151,168,157,175,161,185,163,194,162,201,158,206,153,1
343,155,112,155,121,155,129,157,137,159,144,163,152,168,158,176,161,185,163,194,162,201,159,206,153,1
344,155,113,155,121,156,129,157,137,159,144,163,152,168,157,175,161,185,163,194,162,201,159,206,153,1
345,155,113,155,122,156,129,157,137,159,145,163,152,168,158,176,162,185,163,195,162,201,159,206,153,1
346,155,112,155,121,155,129,157,137,159,145,163,152,169,158,176,162,186,164,195,163,202,159,206,153,1
347,155,112,155,121,156,129,157,137,159,145,163,153,169,159,176,163,185,164,195,163,201,159,206,153,1
348,155,113,155,121,155,129,157,138,159,146,163,153,169,159,176,163,186,165,195,164,201,160,205,154,1
349,155,112,155,120,155,129,157,137,159,146,163,153,168,159,176,164,185,166,194,165,201,161,205,155,1
350,155,112,155,121,156,129,157,137,159,146,163,153,168,160,176,164,185,166,194,165,201,161,205,154,1
351,155,111,155,120,155,128,156,137,158,145,162,153,168,160,175,164,185,166,194,165,201,161,206,154,1
352,155,111,155,120,155,129,156,137,159,146,162,153,168,160,175,164,185,166,194,165,201,161,206,154,1
353,155,112,155,120,155,129,156,137,159,146,162,154,168,160,175,164,185,166,194,165,201,161,205,155,1
354,154,113,154,121,155,130,157,138,159,146,162,154,168,161,176,165,185,167,194,166,201,162,205,155,1
355,154,112,155,121,155,129,157,138,159,146,162,154,168,161,176,165,185,166,194,165,201,161,205,155,1
356,154,111,154,120,155,129,156,137,158,146,162,154,167,160,175,164,185,166,194,165,201,161,205,154,1
357,155,111,155,120,155,128,156,136,158,145,162,153,167,160,175,165,185,166,194,165,201,161,206,154,1
358,155,113,155,121,155,130,157,138,159,146,163,154,169,160,176,164,186,166,195,165,201,160,206,154,1
359,155,112,155,121,155,129,157,138,159,146,163,154,168,160,176,164,185,166,195,165,201,161,206,154,1
360,155,112,155,121,155,129,157,138,159,146,163,153,168,160,175,164,185,166,194,165,201,161,206,154,1
361,154,113,154,121,155,129,156,138,159,146,163,153,168,160,176,164,185,166,194,165,201,161,206,154,1
362,155,113,155,121,155,130,156,138,159,146,162,154,168,160,176,164,185,166,195,165,202,161,206,154,1
363,154,113,155,122,155,130,157,138,159,146,163,153,168,160,175,164,185,166,194,165,201,161,205,154,1
364,155,112,155,120,155,129,156,137,159,145,162,153,168,159,175,164,185,166,194,165,201,161,206,154,1
365,154,113,154,122,155,130,157,138,159,146,163,153,168,159,176,163,185,165,194,164,201,160,206,154,1
366,154,113,154,121,154,129,156,137,158,145,162,152,168,158,176,163,185,164,194,163,201,159,205,152,1
367,154,113,155,122,155,130,157,137,159,145,163,152,168,158,176,162,185,164,194,163,201,159,206,153,1
368,154,113,155,121,155,129,157,137,159,144,163,152,169,158,176,162,186,164,195,163,202,158,206,152,1
369,155,112,155,120,155,128,157,136,159,144,163,152,169,158,176,162,186,164,195,163,202,158,206,152,1
370,155,111,155,120,156,128,157,136,159,144,163,151,169,158,176,162,185,163,195,163,201,158,206,152,1
371,154,113,154,121,155,129,157,137,159,145,163,152,169,158,176,162,186,163,195,162,201,158,206,152,1
372,154,113,155,121,155,129,157,137,159,144,163,152,169,157,176,161,186,163,195,162,201,158,205,152,1
373,155,111,155,120,155,128,157,136,159,144,163,151,169,157,176,161,185,163,194,162,201,158,206,152,1
374,154,112,154,121,155,129,156,136,159,144,163,151,168,157,176,162,185,163,194,162,201,158,205,152,1
375,155,111,155,120,155,128,156,136,159,144,163,151,168,158,176,162,185,163,194,163,200,158,205,152,1
376,155,111,155,120,155,128,157,136,159,144,163,151,168,158,176,162,185,163,194,162,200,158,205,152,1
377,155,112,155,120,155,128,157,136,159,144,163,151,168,158,176,162,185,163,194,162,200,158,205,152,1
378,155,111,155,120,155,128,156,136,158,144,162,151,168,157,175,162,184,163,193,163,200,158,205,152,1
379,155,112,155,120,155,128,156,136,158,144,162,151,168,158,175,162,184,164,193,163,200,159,205,153,1
380,155,111,155,119,155,127,156,135,158,143,162,151,168,157,175,162,184,164,193,163,200,158,205,152,1
381,155,112,155,120,155,128,156,136,159,144,163,151,168,158,175,162,184,163,193,162,200,158,205,152,1
382,155,111,155,120,155,127,156,136,158,144,162,151,168,158,175,162,184,164,193,163,200,159,205,153,1
383,155,111,155,119,155,127,157,135,158,143,162,150,167,157,175,161,184,163,194,162,201,158,205,152,1
384,155,111,155,119,156,127,157,135,159,143,162,151,167,158,175,162,184,163,194,163,201,159,206,153,1
385,156,111,155,119,156,127,157,135,159,143,163,151,168,157,175,162,185,163,194,163,201,159,206,152,1
386,156,110,155,118,156,126,157,134,159,142,163,150,168,157,175,161,185,163,194,162,201,158,206,152,1
387,156,110,156,119,156,127,158,135,160,143,163,151,168,157,176,161,186,163,195,162,202,158,207,152,1
388,156,112,156,120,157,128,158,136,160,144,164,151,169,157,177,161,187,163,196,162,203,158,207,152,1
389,156,110,156,118,157,126,158,134,160,142,164,150,169,156,177,161,187,163,196,162,203,158,208,151,1
390,156,110,157,119,157,127,158,135,161,143,165,151,170,157,177,162,186,164,196,163,202,159,207,152,1
391,157,110,157,118,157,126,158,135,161,143,165,150,171,157,178,161,187,163,196,162,202,158,207,152,1
392,157,110,157,118,157,126,159,135,161,143,166,150,171,156,179,161,188,162,197,161,203,157,208,151,1
393,157,109,157,118,157,126,159,134,161,142,165,149,171,155,178,160,187,161,196,161,203,156,207,150,1
394,157,109,157,117,157,125,158,134,161,142,165,149,171,155,178,160,187,161,196,161,203,156,207,150,1
395,157,108,157,117,157,125,158,133,161,141,165,149,171,155,178,159,187,161,197,160,203,156,208,149,1
396,157,109,157,118,157,126,159,134,161,142,165,149,171,156,178,160,188,162,197,161,204,156,208,150,1
397,157,108,157,117,157,125,158,133,160,141,164,148,170,155,178,159,187,161,196,160,203,156,208,149,1
398,156,110,156,118,157,126,158,134,160,142,164,149,169,155,177,159,187,161,196,160,203,155,207,149,1
399,156,108,156,117,156,125,157,133,159,141,163,148,169,154,176,158,186,160,195,159,202,155,207,149,1
400,156,108,155,116,156,124,157,133,159,141,163,148,169,154,176,159,185,160,195,160,202,155,207,149,1
401,156,107,155,115,156,124,157,132,159,140,163,148,168,154,175,158,185,160,194,159,201,155,206,149,1
402,155,109,155,117,155,125,157,133,159,141,163,148,168,155,176,159,185,160,195,160,202,156,207,150,1
403,155,108,155,117,155,125,157,133,159,141,163,148,168,154,176,158,185,160,195,159,201,155,206,149,1
404,155,108,155,116,155,124,156,132,158,140,162,148,167,154,175,159,184,160,194,160,201,156,206,149,1
405,155,110,155,118,155,126,156,134,159,142,163,149,168,155,176,159,185,161,195,160,202,156,206,150,1
406,155,108,155,116,155,124,156,132,158,140,161,148,167,154,174,159,184,161,194,160,201,156,206,150,1
407,155,108,154,116,155,124,156,132,158,140,162,148,167,154,174,158,184,160,193,159,201,155,206,149,1
408,155,108,154,116,155,124,156,132,158,140,161,148,167,154,174,158,184,160,193,159,201,155,205,149,1
409,155,107,155,115,155,124,156,132,158,140,162,148,167,154,175,158,184,160,193,159,200,155,205,149,1
410,155,109,155,117,155,125,156,133,158,141,162,148,168,154,175,158,185,160,194,159,201,155,205,149,1
411,155,108,155,116,155,124,156,132,158,140,162,147,167,153,175,157,184,159,194,159,201,154,206,148,1
412,155,108,155,116,155,124,156,132,158,140,162,147,167,153,174,157,184,159,193,158,200,155,205,149,1
413,155,108,155,116,155,124,156,132,158,140,162,147,168,153,175,157,184,159,193,158,201,154,205,149,1
414,155,108,155,116,155,124,156,132,159,140,162,147,167,153,175,157,184,159,194,158,201,154,206,148,1
415,155,109,155,117,155,124,156,132,158,140,162,147,167,153,175,157,184,159,194,158,201,154,206,148,1
416,154,109,154,117,155,124,156,132,158,140,162,147,168,153,175,157,184,159,194,158,201,154,206,148,1
417,154,109,154,117,155,125,156,133,158,140,162,147,168,153,175,157,184,158,193,158,201,154,205,149,1
418,154,109,154,117,155,124,156,132,158,140,162,147,168,152,175,156,185,157,194,157,201,153,206,148,1
419,155,109,155,117,156,124,157,132,159,140,163,146,168,152,176,156,185,157,195,156,202,153,206,147,1
420,154,109,155,116,155,124,156,132,159,139,163,146,168,152,176,155,185,157,195,156,201,152,206,146,1
421,154,108,154,116,155,124,156,132,159,139,163,146,169,151,176,155,185,156,194,155,201,152,206,146,1
422,154,109,154,117,155,124,156,132,159,139,163,146,169,151,176,155,185,157,194,156,201,153,206,147,1
423,154,109,154,116,155,124,156,132,158,139,162,146,168,152,176,155,185,157,194,156,201,152,206,147,1
424,154,110,154,117,155,125,156,132,159,139,163,146,168,151,176,155,185,156,194,155,201,152,206,146,1
425,154,109,154,117,155,124,156,132,159,139,163,145,168,151,176,154,185,156,194,155,201,151,206,146,1
426,154,110,154,117,155,124,156,132,159,139,163,145,168,150,176,154,185,155,194,155,201,152,206,146,1
427,154,109,154,117,155,124,156,132,158,139,162,145,167,150,175,154,185,155,194,155,201,151,206,146,1
428,154,109,154,117,154,124,156,132,158,139,162,145,168,150,176,154,185,155,194,155,201,151,206,146,1
429,154,110,154,117,155,125,156,132,159,139,163,145,168,150,176,154,185,155,194,154,201,151,206,146,1
430,154,109,154,117,155,124,156,132,158,139,162,145,168,150,175,154,184,155,194,155,201,151,206,146,1
431,154,109,154,117,155,124,156,132,158,139,162,145,167,151,175,154,185,156,194,155,201,151,206,146,1
432,154,108,154,116,154,124,156,131,158,139,162,145,167,151,175,154,184,155,193,154,200,151,205,146,1
433,154,108,154,116,155,123,156,131,158,138,162,145,167,150,174,154,183,155,193,154,200,151,205,146,1
434,153,109,153,117,154,124,155,132,158,139,162,146,167,151,175,154,184,156,193,155,200,151,205,146,1
435,153,108,153,116,154,123,155,131,158,139,162,145,167,151,175,154,184,156,194,155,201,151,206,146,1
436,153,109,154,117,154,125,156,132,158,140,162,146,167,151,175,155,184,156,194,155,200,152,205,147,1
437,153,110,154,118,154,125,156,133,158,140,162,147,168,152,175,155,185,157,194,156,201,152,205,146,1
438,153,109,153,117,154,124,155,132,157,140,161,146,167,152,175,155,185,156,194,155,201,152,205,147,1
439,153,108,153,116,154,123,155,131,157,138,161,145,167,151,175,155,184,156,193,155,200,152,205,146,1
440,153,109,153,117,153,124,155,132,157,139,161,146,167,151,174,155,184,156,193,155,200,152,205,146,1
441,153,109,153,116,153,124,155,132,157,139,161,145,166,151,174,154,183,156,193,155,200,151,205,146,1
442,153,109,153,116,154,123,155,131,157,139,161,145,167,151,174,155,183,156,193,155,200,152,205,146,1
443,153,108,153,116,153,124,155,132,157,139,161,146,167,151,174,155,184,156,193,155,200,152,205,146,1
444,153,108,153,116,154,124,155,132,158,139,161,146,167,152,174,155,184,157,193,156,200,152,205,147,1
445,153,110,153,118,154,125,156,133,158,140,162,146,168,151,175,155,184,156,194,155,201,151,205,146,1
446,154,108,154,116,154,124,155,131,157,139,161,145,167,151,174,155,184,156,193,156,200,152,205,147,1
447,153,109,153,117,154,124,155,132,157,139,161,146,167,152,175,155,184,156,193,156,200,152,205,147,1
448,153,109,153,117,154,124,155,132,157,140,161,146,167,152,174,156,184,157,193,157,200,153,205,147,1
449,153,109,153,117,154,124,155,132,157,140,162,146,167,152,175,156,184,157,193,157,200,153,205,147,1
450,153,109,153,117,154,125,155,133,158,140,162,147,167,152,175,156,184,157,193,156,200,153,205,147,1
451,153,109,153,117,154,124,155,132,158,140,162,146,167,152,175,156,184,157,193,156,200,153,205,147,1
452,153,109,153,117,154,125,155,133,157,140,161,147,167,152,175,156,184,157,194,157,201,153,205,148,1
453,153,109,153,117,154,125,155,132,158,140,162,147,167,152,175,156,184,157,194,157,200,153,205,148,1
454,153,109,153,116,154,124,155,132,157,140,162,147,167,152,175,156,184,157,193,156,200,153,205,147,1
455,153,108,153,116,154,124,155,132,158,139,162,146,167,152,175,155,184,157,194,156,201,153,206,147,1
456,153,108,153,116,154,124,155,132,157,140,162,147,168,152,175,156,184,157,194,157,201,153,206,147,1
457,153,109,153,117,154,124,155,132,158,140,162,147,167,152,175,156,185,157,194,156,201,153,205,147,1
458,154,108,154,116,154,124,156,132,158,139,162,146,167,152,175,156,184,157,194,156,201,153,205,147,1
459,154,106,154,114,155,122,156,130,158,138,161,145,167,151,174,155,184,157,193,156,200,152,206,146,1
460,154,106,154,114,154,122,155,130,157,138,161,145,166,152,174,156,183,157,193,156,200,153,205,147,1
461,153,107,153,115,154,123,155,131,157,139,161,146,166,152,173,156,183,157,192,157,199,153,204,147,1
462,154,107,154,115,154,123,155,131,158,139,162,146,167,152,174,156,184,157,193,157,200,153,205,148,1
463,154,107,153,115,154,123,155,131,157,139,161,146,167,153,174,157,183,158,192,158,199,154,204,148,1
464,153,108,153,117,154,124,155,133,157,140,161,148,167,154,174,158,183,159,192,158,199,155,204,149,1
465,153,109,153,117,153,125,155,133,157,141,161,148,167,154,174,157,183,159,192,158,199,154,204,148,1
466,153,108,153,116,153,124,155,132,157,140,161,147,167,153,174,157,183,159,192,158,199,154,204,148,1
467,153,107,153,116,154,124,155,132,157,140,161,147,167,153,174,157,183,158,193,157,200,153,205,147,1
468,153,107,153,116,154,124,155,132,158,139,161,146,167,152,174,156,183,158,192,157,199,153,204,147,1
469,153,107,153,116,154,124,155,132,158,139,162,147,167,153,175,156,184,158,193,157,200,153,205,147,1
470,153,109,153,117,154,125,155,132,158,140,162,147,168,152,175,156,184,157,193,156,200,153,205,147,1
471,153,108,154,116,154,125,156,133,158,140,162,147,167,152,175,156,184,157,193,157,200,153,205,148,1
472,154,108,154,116,154,124,155,132,158,140,162,146,167,152,175,156,184,157,193,156,200,153,205,147,1
473,154,107,154,116,154,123,155,132,158,139,162,146,168,152,175,156,184,157,194,157,200,153,205,147,1
474,154,106,154,115,154,123,155,131,158,139,162,146,168,152,175,156,184,157,194,156,201,153,206,147,1
475,154,107,154,115,154,123,155,132,158,139,162,147,167,152,175,156,184,158,193,157,200,153,205,148,1
476,154,108,154,116,154,124,155,132,158,140,162,147,167,152,175,156,184,158,194,157,201,153,205,147,1
477,154,108,154,116,154,124,155,132,157,140,162,147,167,152,175,156,184,158,194,158,201,154,205,148,1
478,154,107,154,115,154,123,155,131,157,139,161,146,167,152,174,156,184,158,193,157,200,153,205,147,1
479,154,108,154,116,154,124,155,132,157,140,161,146,167,152,175,156,184,158,193,157,200,153,205,147,1
480,154,108,154,116,154,123,155,131,157,139,161,146,167,152,174,156,184,158,193,157,200,154,205,148,1
481,153,108,153,116,154,124,155,132,157,139,161,146,166,152,174,156,183,158,193,157,200,154,205,148,1
482,153,107,153,115,154,123,155,131,157,139,161,146,166,152,174,156,183,158,192,157,200,153,205,148,1
483,154,107,153,115,154,123,155,131,157,139,161,146,166,152,174,156,183,158,193,157,200,154,205,148,1
484,154,107,154,115,154,123,155,131,157,139,161,146,166,152,174,156,183,158,193,158,200,154,205,148,1
485,154,107,154,115,154,123,155,131,157,139,161,146,166,152,174,156,183,158,192,158,200,154,205,148,1
486,154,106,154,115,154,123,155,131,157,139,161,146,167,152,174,156,184,157,193,157,200,153,205,147,1
487,154,106,154,114,154,122,155,130,157,138,161,145,167,151,175,155,184,157,193,157,201,153,206,147,1
488,154,107,154,115,154,123,155,131,157,139,161,146,167,152,175,156,184,157,193,157,200,153,205,147,1
489,154,106,153,114,154,122,155,130,157,138,161,146,167,152,174,156,184,157,193,157,200,153,205,147,1
490,154,106,154,115,154,123,155,131,157,139,161,146,166,152,174,156,183,158,192,157,200,154,204,148,1
491,154,107,154,115,154,123,155,132,158,140,161,147,166,154,174,158,183,159,192,159,199,154,204,148,1
492,154,107,154,115,154,123,155,132,158,140,161,147,167,154,174,158,183,160,192,159,199,155,204,149,1
493,154,107,154,116,154,124,155,132,157,140,161,148,167,154,174,158,183,160,192,159,199,155,204,149,1
494,154,106,154,115,154,123,155,131,157,139,161,147,166,153,174,157,183,159,192,158,199,154,204,149,1
495,154,107,153,115,154,123,155,131,157,139,161,147,166,153,174,157,183,159,192,159,199,154,204,148,1
496,154,106,153,115,153,123,155,131,157,139,160,147,166,153,173,157,182,159,192,158,199,154,204,148,1
497,154,107,154,116,154,124,155,132,157,140,161,147,166,153,174,158,183,159,192,159,199,155,204,149,1
498,153,107,153,115,153,123,154,131,156,139,160,147,166,153,173,157,183,159,192,158,199,154,204,149,1
499,154,108,153,117,154,124,155,133,157,140,161,147,166,153,173,157,183,159,192,159,199,155,204,149,1
